INSERT INTO `period` (`id`, `start_time`, `end_time`) VALUES ('1', '08:30:00', '09:25:00'), ('2', '09:25:00', '10:20:00'), ('3', '10:40:00', '11:35:00'), ('4', '11:35:00', '12:30:00'), ('5', '12:30:00', '13:25:00'), ('6', '13:45:00', '14:40:00'), ('7', '14:40:00', '15:35:00'), ('8', '15:35:00', '16:30:00');
INSERT INTO `attendance` (`id`, `rollno`, `subject`, `period_id`, `date`, `presence_flag`) VALUES (NULL, '1140917', 'IT-405', '1', '2017-11-01', '1'), (NULL, '1140917', 'IT-401', '2', '2017-11-01', '1'), (NULL, '1140917', 'IT-403', '3', '2017-11-01', '0'), (NULL, '1140917', 'IT-409', '4', '2017-11-01', '0'), (NULL, '1140917', 'IT-401', '6', '2017-11-01', '0'), (NULL, '1140917', 'IT-401', '1', '2017-11-02', '1'), (NULL, '1140917', 'IT-405', '2', '2017-11-02', '0'), (NULL, '1140917', 'IT-409', '3', '2017-11-02', '0'), (NULL, '1140917', 'IT-409', '4', '2017-11-03', '1'), (NULL, '1140917', 'IT-410', '5', '2017-11-03', '1');
INSERT INTO `classroom` (`location`, `bluetooth_address`) VALUES ('LHC-205', 'bd91520d-f783-40b9-8b67-f5433cbc8151'), ('LHC-204', 'b66d9d20-810e-4d29-b1d5-a5fcbdef56bd'), ('LHC-203', 'f7395fcf-26fe-48dd-bd72-6cc44cf12057'), ('LHC-202', '1ef46db7-bd1c-47d7-8daa-23fb1b47d9a3'), ('LHC-201', '7fbb6edc-a256-4f5e-9fef-c867a5020ce0'), ('LHC-105', '11ba56ee-933e-42f2-a5cc-069a4cee2bb3'), ('LHC-104', '777e46a8-25b4-47c1-8e4e-2ef2a9fd5614'), ('LHC-103', '1a29511e-2097-461d-8f34-c9b305247557'), ('LHC-102', 'eb8be892-0ad4-494f-8f3d-8b8fb1dbf2bb'), ('LHC-101', '07b00b26-8a27-4a99-ab85-18344ad5af16');
INSERT INTO `timetable` (`id`, `subject`, `period_id`, `day`, `section`, `location`, `year`, `staff_id`) VALUES (NULL, 'IT-405', '1', 'Monday', 'IT-6', 'LHC-101', '4', '1'), (NULL, 'IT-409', '2', 'Monday', 'IT-6', 'LHC-204', '4', '2'), (NULL, 'IT-401', '7', 'Monday', 'IT-6', 'LHC-101', '4', '6'), (NULL, 'IT-405', '1', 'Tuesday', 'IT-6', 'LHC-101', '4', '5'), (NULL, 'IT-405', '1', 'Wednesday', 'IT-5', 'LHC-103', '4', '10'), (NULL, 'IT-405', '8', 'Thursday', 'IT-6', 'LHC-101', '4', '8');
